{
  "total_cost": 82779.71380684178,
  "startup_cost": 45600.0,
  "energy_cost": 26442.91605379455,
  "carbon_cost": 5713.942810800837,
  "waiting_cost": 1055.4190164579877,
  "late_cost": 3967.4359257884944,
  "total_fuel_l": 4150.468755680767,
  "total_electricity_kwh": 5459.3820440135105,
  "total_carbon_kg": 13306.39432476968,
  "total_distance_km": 13875.55716252327,
  "route_count": 114,
  "split_customer_count": 52,
  "late_positive_stops": 46,
  "max_late_min": 415.7818603515625,
  "latest_return_min": 963.2,
  "after_hours_service_count": 3,
  "after_hours_return_count": 29,
  "after_hours_travel_km": 1509.024893409465,
  "best_seed": 11,
  "atom_count": 285,
  "elapsed_sec": 0.621708700004092,
  "route_cache_size": 542
}