{
  "total_cost": 91401.20259543939,
  "startup_cost": 52400.0,
  "energy_cost": 31292.089679275505,
  "carbon_cost": 6775.034169125883,
  "waiting_cost": 622.0956610407121,
  "late_cost": 311.98308599728205,
  "total_late_min": 374.37970319673843,
  "total_fuel_l": 4685.1871086780175,
  "total_electricity_kwh": 6161.475971619873,
  "total_carbon_kg": 15020.071027584469,
  "total_distance_km": 15370.942176103592,
  "route_count": 131,
  "used_vehicle_count": 131,
  "split_customer_count": 37,
  "mandatory_split_customer_count": 37,
  "mandatory_split_visit_count": 119,
  "normal_customer_count": 51,
  "late_positive_stops": 16,
  "max_late_min": 141.47205913437722,
  "latest_return_min": 850.2,
  "after_hours_service_count": 0,
  "after_hours_return_count": 25,
  "after_hours_travel_km": 823.0149955588307,
  "vehicle_type_usage": {
    "ev_3000": 10,
    "fuel_3000": 60,
    "fuel_1500": 45,
    "ev_1250": 15,
    "fuel_1250": 1
  },
  "best_seed": 11,
  "service_unit_count": 170,
  "route_cache_size": 24904,
  "elapsed_sec": 3.009004300001834
}