segment_id,traffic_state,start_min,end_min,start_hhmm,end_hhmm,duration_min,speed_kmh,speed_km_per_min
1,congested,0,60,08:00,09:00,60,10.780000000000001,0.1796666666666667
2,free_flow,60,120,09:00,10:00,60,60.83,1.0138333333333334
3,normal,120,210,10:00,11:30,90,38.940000000000005,0.6490000000000001
4,congested,210,300,11:30,13:00,90,10.780000000000001,0.1796666666666667
5,free_flow,300,420,13:00,15:00,120,60.83,1.0138333333333334
6,normal,420,540,15:00,17:00,120,38.940000000000005,0.6490000000000001
7,congested,540,630,17:00,18:30,90,10.780000000000001,0.1796666666666667
8,free_flow,630,720,18:30,20:00,90,60.83,1.0138333333333334
9,normal,720,780,20:00,21:00,60,38.940000000000005,0.6490000000000001
