{
  "total_cost": 91403.84312172481,
  "startup_cost": 52400.0,
  "energy_cost": 31413.825040036903,
  "carbon_cost": 6802.131891188794,
  "waiting_cost": 595.3490689841627,
  "late_cost": 192.53712151494562,
  "total_late_min": 231.0445458179347,
  "total_fuel_l": 4690.4595033630385,
  "total_electricity_kwh": 6168.964522133891,
  "total_carbon_kg": 15037.25158065474,
  "total_distance_km": 15372.248130202293,
  "route_count": 131,
  "used_vehicle_count": 131,
  "split_customer_count": 37,
  "mandatory_split_customer_count": 37,
  "mandatory_split_visit_count": 119,
  "normal_customer_count": 51,
  "late_positive_stops": 12,
  "max_late_min": 142.81355831433393,
  "latest_return_min": 850.2,
  "after_hours_service_count": 0,
  "after_hours_return_count": 24,
  "after_hours_travel_km": 812.4805605638882,
  "vehicle_type_usage": {
    "ev_3000": 10,
    "fuel_3000": 60,
    "fuel_1500": 45,
    "ev_1250": 15,
    "fuel_1250": 1
  },
  "best_seed": 11,
  "service_unit_count": 170,
  "route_cache_size": 24680,
  "elapsed_sec": 3.152790799998911
}